{"cameraMode":{"drawMode":0,"name":"Shaded","section":"Shading Mode"},"sceneLighting":false,"audioPlay":false,"sceneViewState":{"m_AlwaysRefresh":false,"showFog":true,"showSkybox":false,"showFlares":true,"showImageEffects":true,"showParticleSystems":true,"showVisualEffectGraphs":true,"m_FxEnabled":true},"in2DMode":false,"pivot":{"x":0.3551567792892456,"y":0.33095163106918337,"z":-0.5522137880325317},"rotation":{"x":0.21531431376934052,"y":0.10960734635591507,"z":-0.024279756471514703,"w":0.9701191186904907},"size":0.11040867865085602,"orthographic":false}