{"cameraMode":{"drawMode":0,"name":"Shaded","section":"Shading Mode"},"sceneLighting":true,"audioPlay":false,"sceneViewState":{"m_AlwaysRefresh":false,"showFog":true,"showSkybox":true,"showFlares":true,"showImageEffects":true,"showParticleSystems":true,"showVisualEffectGraphs":true,"m_FxEnabled":true},"in2DMode":false,"pivot":{"x":-0.28447359800338747,"y":0.41330596804618838,"z":2.062344551086426},"rotation":{"x":0.1399463266134262,"y":0.16975289583206178,"z":-0.02423418127000332,"w":0.9752807021141052},"size":1.9952404499053956,"orthographic":false}