{"cameraMode":{"drawMode":0,"name":"Shaded","section":"Shading Mode"},"sceneLighting":true,"audioPlay":false,"sceneViewState":{"m_AlwaysRefresh":false,"showFog":true,"showSkybox":true,"showFlares":true,"showImageEffects":true,"showParticleSystems":true,"showVisualEffectGraphs":true,"m_FxEnabled":true},"in2DMode":false,"pivot":{"x":0.4774225950241089,"y":0.5327654480934143,"z":-0.23149742186069489},"rotation":{"x":0.1664597988128662,"y":0.011504443362355233,"z":-0.0019003456691280008,"w":0.9860682487487793},"size":1.7972939014434815,"orthographic":false}