{"cameraMode":{"drawMode":0,"name":"Shaded","section":"Shading Mode"},"sceneLighting":true,"audioPlay":false,"sceneViewState":{"m_AlwaysRefresh":false,"showFog":true,"showSkybox":true,"showFlares":true,"showImageEffects":true,"showParticleSystems":true,"showVisualEffectGraphs":true,"m_FxEnabled":true},"in2DMode":false,"pivot":{"x":0.26800718903541567,"y":0.9222953915596008,"z":-0.5209857821464539},"rotation":{"x":0.12036412954330445,"y":-0.03755436837673187,"z":0.004597903694957495,"w":0.9920965433120728},"size":1.8630050420761109,"orthographic":false}